DELETE FROM customer;
DROP TABLE customer;
DELETE FROM booking;
DELETE FROM claim;
DELETE FROM claim_answer;

SHOW TABLES;

SELECT * FROM product;
SELECT * FROM customer;
SELECT * FROM booking;
SELECT * FROM claim;
SELECT * FROM claim_answer;


CREATE TABLE customer (
    customer_no     INT AUTO_INCREMENT PRIMARY KEY, -- 고객 고유번호
    customer_name   VARCHAR(50) NOT NULL,           -- 고객명
    phone           VARCHAR(20),                    -- 연락처
    email           VARCHAR(100),                   -- 이메일
    zipcode         VARCHAR(200),                   -- zipcode 
    road_address    VARCHAR(200),                   -- 도로명주소
    detail_address  VARCHAR(200),                   -- 상세주소
    birth_date      DATE,                           -- 생년월일
    gender          VARCHAR(10),                    -- 성별
    nationality     VARCHAR(50),                    -- 국적
    passport_no     VARCHAR(20),                    -- 여권번호
    grade           VARCHAR(20) DEFAULT '신규',      -- 고객 등급(신규, SILVER, GOLD, VIP)
    used_amount     INT DEFAULT 0,                  -- 총 사용금액 (고객등급에 사용)
    user_no         INT,                            -- 담당자 번호
    created_at      DATETIME DEFAULT CURRENT_TIMESTAMP,  -- 고객정보 생성일
    updated_at      DATETIME DEFAULT CURRENT_TIMESTAMP ON UPDATE CURRENT_TIMESTAMP -- 고객정보 수정일
);

CREATE TABLE booking (
    booking_no      INT AUTO_INCREMENT PRIMARY KEY, -- 예약 고유번호
    customer_no     INT NOT NULL,                   -- 고객 고유번호
    customer_name   VARCHAR(50) NOT NULL,           -- 고객명 
    product_no      INT,                            -- 상품 고유번호 
    product_name   VARCHAR(100),                    -- 상품명
    travel_date     DATE,                            -- 여행 시작일
    return_date     DATE,                           -- 여행 종료일
    adult_count     INT DEFAULT 1,                  -- 성인 인원
    child_count     INT DEFAULT 0,                  -- 아동 인원
    infant_count    INT DEFAULT 0,                  -- 유아 인원 
    total_amount    INT,                            -- 총 금액 
    discount_amount INT,                            -- 할인 금액 (고객등급에 따라)
    payment_amount  INT,                            -- 총 결제 금액(총 금액 - 할인금액)
    booking_status  VARCHAR(30) DEFAULT "예약대기",    -- 예약 상태 (예약대기, 결제완료, 예약취소)
    payment_method  VARCHAR(30),                    -- 결제 방법(계좌이체, 신용카드, 현금)
    booking_date    DATETIME DEFAULT CURRENT_TIMESTAMP,   -- 예약일
    payment_date    DATETIME,                             -- 결제일
    user_no         INT                             -- 담당자
);

CREATE TABLE claim (
claim_no           INT AUTO_INCREMENT PRIMARY KEY,     -- 클레임 고유번호
claim_type         VARCHAR(50),                        -- 클레임 종류
customer_no        INT,                                -- 고객 고유번호
customer_name      VARCHAR(50) NOT NULL,               -- 고객명
product_no         INT,                                -- 상품 고유번호
product_name       VARCHAR(100),                       -- 상품명
score              INT,                                -- 평점
comment            TEXT,                               -- 문의내용
claim_date         DATETIME DEFAULT CURRENT_TIMESTAMP, -- 클레임 생성일
claim_status       VARCHAR(20),                        -- 클레임 처리 상태
checked_date       DATETIME,                           -- 처리 완료일
user_no            INT                                 -- 담당자
);

INSERT INTO customer (
customer_name, phone, email, zipcode, road_address, detail_address, birth_date, gender, 
nationality, passport_no, grade, used_amount, user_no
) VALUES 
('김민수', '010-1234-5678', 'minsu.kim@email.com', null, null, null, '1985-03-15', '남성', '대한민국', 'M12345678', '신규', 0, 72),
('이영희', '010-2345-6789', 'younghee.lee@email.com', null,null,null, '1990-07-22', '여성', '대한민국', 'M23456789', '신규', 0, 72),
('박철수', '010-3456-7890', 'cheolsu.park@email.com', null,null,null, '1982-11-08', '남성', '대한민국', 'M34567890', '신규', 0, 72),
('최수진', '010-4567-8901', 'sujin.choi@email.com', null,null,null, '1995-01-30', '여성', '대한민국', 'M45678901', '신규', 0, 72),
('정민호', '010-5678-9012', 'minho.jung@email.com', null,null,null, '1988-09-12', '남성', '대한민국', 'M56789012', '신규', 0, 72),
('김지영', '010-7890-1234', 'jiyoung.kim@email.com', null,null,null, '1992-12-25', '여성', '대한민국', 'M67890123', '신규', 0, 72),
('이동욱', '010-8901-2345', 'dongwook.lee@email.com', null,null,null, '1980-06-03', '남성', '대한민국', 'M78901234', '신규', 0, 72),
('강민지', '010-0123-4567', 'minji.kang@email.com', null,null,null, '1993-08-07', '여성', '대한민국', 'M89012345', '신규', 0, 72),
('오세훈', '010-1357-2468', 'sehoon.oh@email.com', null,null,null, '1984-02-28', '남성', '대한민국', 'M90123456', '신규', 0, 72),
('한소영', '010-3579-2468', 'soyoung.han@email.com', null,null,null, '1991-03-20', '여성', '대한민국', 'M01234567', '신규', 0, 72),
('조현우', '010-5791-4680', 'hyunwoo.jo@email.com', null,null,null, '1989-07-05', '남성', '대한민국', 'M12345679', '신규', 0, 72),
('신동혁', '010-7913-6802', 'donghyuk.shin@email.com', null,null,null, '1994-11-30', '남성', '대한민국', 'M23456780', '신규', 0, 72),
('류지훈', '010-9135-8024', 'jihoon.ryu@email.com', null,null,null, '1981-05-09', '남성', '대한민국', 'M34567801', '신규', 0, 72),
('송미경', '010-1357-0246', 'mikyung.song@email.com', null,null,null, '1992-06-28', '여성', '대한민국', 'M45678912', '신규', 0, 72),
('김태영', '010-3579-2468', 'taeyoung.kim@email.com', null,null,null, '1987-04-17', '남성', '대한민국', 'M56789023', 'SILVER', 2500000, 72),
('안준석', '010-5791-4680', 'junseok.ahn@email.com', null,null,null, '1983-01-25', '남성', '대한민국', 'M67890134', 'SILVER', 3200000, 72),
('백지은', '010-7913-6802', 'jieun.baek@email.com', null,null,null, '1990-03-14', '여성', '대한민국', 'M78901245', 'SILVER', 4100000, 72),
('황수아', '010-9135-8024', 'sua.hwang@email.com', null,null,null, '1995-08-06', '여성', '대한민국', 'M89012356', 'SILVER', 2800000, 72),
('최은정', '010-1234-5679', 'eunjung.choi@email.com', null,null,null, '1986-12-19', '여성', '대한민국', 'M90123467', 'SILVER', 3600000, 72),
('이하늘', '010-3456-7891', 'haneul.lee@email.com', null,null,null, '1988-09-21', '여성', '대한민국', 'M01234578', 'SILVER', 2900000, 72),
('박수빈', '010-5678-9013', 'subin.park@email.com', null,null,null, '1994-04-02', '여성', '대한민국', 'M12345689', 'SILVER', 4500000, 72),
('윤서진', '010-7890-1235', 'seojin.yoon@email.com', null,null,null, '1991-01-15', '여성', '대한민국', 'M23456790', 'SILVER', 3800000, 72),
('정하린', '010-9012-3457', 'harin.jung@email.com', null,null,null, '1989-12-23', '여성', '대한민국', 'M34567801', 'SILVER', 5200000, 72),
('김보라', '010-1357-2469', 'bora.kim@email.com', null,null,null, '1992-11-18', '여성', '대한민국', 'M45678902', 'SILVER', 2600000, 72),
('허예은', '010-3579-2469', 'yeeun.heo@email.com', null,null,null, '1990-05-11', '여성', '대한민국', 'M56789013', 'SILVER', 4800000, 72),
('신혜영', '010-5791-4681', 'hyeyoung.shin@email.com', null,null,null, '1993-09-05', '여성', '대한민국', 'M67890124', 'SILVER', 3900000, 72),
('임서연', '010-7913-6803', 'seoyeon.lim@email.com', null,null,null, '1988-06-30', '여성', '대한민국', 'M78901235', 'SILVER', 2300000, 72),
('권민아', '010-9135-8025', 'mina.kwon@email.com', null,null,null, '1991-08-14', '여성', '대한민국', 'M89012346', 'SILVER', 5800000, 72),
('장민석', '010-1122-3344', 'minseok.jang@email.com', null,null,null, '1987-04-12', '남성', '대한민국', 'M90123478', 'SILVER', 3400000, 72),
('문지혜', '010-2233-4455', 'jihye.moon@email.com', null,null,null, '1992-08-25', '여성', '대한민국', 'M01234589', 'SILVER', 4200000, 72),
('홍준영', '010-3344-5566', 'junyoung.hong@email.com', null,null,null, '1985-11-03', '남성', '대한민국', 'M12345690', 'GOLD', 7200000, 72),
('서미래', '010-4455-6677', 'mirae.seo@email.com', null,null,null, '1990-02-17', '여성', '대한민국', 'M23456701', 'GOLD', 8500000, 72),
('노태현', '010-5566-7788', 'taehyun.no@email.com', null,null,null, '1983-07-29', '남성', '대한민국', 'M34567812', 'GOLD', 7800000, 72),
('양수정', '010-6677-8899', 'sujeong.yang@email.com', null,null,null, '1988-12-05', '여성', '대한민국', 'M45678923', 'GOLD', 9200000, 72),
('진우성', '010-7788-9900', 'woosung.jin@email.com', null,null,null, '1991-05-21', '남성', '대한민국', 'M56789034', 'GOLD', 7600000, 72),
('남지원', '010-8899-0011', 'jiwon.nam@email.com', null,null,null, '1986-09-14', '여성', '대한민국', 'M67890145', 'GOLD', 8900000, 72),
('유민준', '010-9900-1122', 'minjun.yoo@email.com', null,null,null, '1994-01-08', '남성', '대한민국', 'M78901256', 'GOLD', 8100000, 72),
('강수현', '010-0011-2233', 'suhyun.kang@email.com', null,null,null, '1989-06-26', '여성', '대한민국', 'M89012367', 'GOLD', 7400000, 72),
('배정민', '010-1122-3345', 'jeongmin.bae@email.com', null,null,null, '1987-10-11', '남성', '대한민국', 'M90123478', 'GOLD', 8700000, 72),
('심유나', '010-2233-4456', 'yuna.sim@email.com', null,null,null, '1992-03-28', '여성', '대한민국', 'M01234589', 'GOLD', 7900000, 72),
('조민수', '010-3344-5567', 'minsu.jo@email.com', null,null,null, '1985-08-15', '남성', '대한민국', 'M12345690', 'GOLD', 8300000, 72),
('원혜진', '010-4455-6678', 'hyejin.won@email.com', null,null,null, '1990-12-22', '여성', '대한민국', 'M23456701', 'GOLD', 7700000, 72),
('임채현', '010-5566-7789', 'chaehyun.lim@email.com', null,null,null, '1988-04-07', '남성', '대한민국', 'M34567812', 'VIP', 12500000, 72),
('고은별', '010-6677-8890', 'eunbyul.ko@email.com', null,null,null, '1991-09-19', '여성', '대한민국', 'M45678923', 'VIP', 15200000, 72),
('마준호', '010-7788-9901', 'junho.ma@email.com', null,null,null, '1984-01-31', '남성', '대한민국', 'M56789034', 'VIP', 11800000, 72),
('소지현', '010-8899-0012', 'jihyun.so@email.com', null,null,null, '1987-06-16', '여성', '대한민국', 'M67890145', 'VIP', 13900000, 72),
('표성훈', '010-9900-1123', 'sunghoon.pyo@email.com', null,null,null, '1993-11-02', '남성', '대한민국', 'M78901256', 'VIP', 10500000, 72),
('곽민정', '010-0011-2234', 'minjeong.kwak@email.com', null,null,null, '1986-02-24', '여성', '대한민국', 'M89012367', 'VIP', 14700000, 72),
('추지훈', '010-1122-3346', 'jihoon.chu@email.com', null,null,null, '1990-07-13', '남성', '대한민국', 'M90123479', 'VIP', 16200000, 72),
('변수아', '010-2233-4457', 'sua.byun@email.com', null,null,null, '1985-12-09', '여성', '대한민국', 'M01234580', 'VIP', 11300000, 72);

INSERT INTO booking (
    customer_no, customer_name, product_no, product_name, 
    travel_date, return_date, adult_count, child_count, infant_count,
    total_amount, discount_amount, payment_amount, booking_status, payment_method,
    booking_date, payment_date, user_no
) VALUES
(1, '김민수', 1001, '프랑스 파리 4박 5일 자유여행', '2025-08-05', '2025-08-15', 2, 1, 0, 4350000, 435000, 3915000, '결제완료', '계좌이체', '2025-09-01T11:15:07', '2025-09-01T11:15:07', 82),
(2, '이영희', 1002, '일본 도쿄 3박 4일 자유여행', '2025-08-04', '2025-08-07', 1, 0, 0, 1235000, 0, 1235000, '결제완료', '신용카드', '2025-09-02T11:15:07', '2025-09-02T11:15:07', 82),
(3, '박철수', 1003, '미국 뉴욕 5박 6일 자유여행', '2025-09-01', '2025-09-07', 2, 0, 1, 4050000, 202500, 3847500, '결제완료', '계좌이체', '2025-09-02T12:45:07', '2025-09-02T12:45:07', 82),
(4, '최수진', 1005, '이탈리아 로마 4박 5일 자유여행', '2025-09-10', '2025-09-15', 1, 1, 0, 3625000, 0, 3625000, '결제완료', '현금', '2025-09-01T14:20:07', '2025-09-01T14:20:07', 82),
(5, '정민호', 1006, '일본 오사카 3박 4일 자유여행', '2025-09-20', '2025-09-25', 3, 1, 1, 4332500, 216625, 4115875, '결제완료', '계좌이체', '2025-08-30T16:10:07', '2025-08-30T16:10:07', 82),
(6, '김지영', 1007, '미국 로스앤젤레스 4박 5일 자유여행', '2025-10-01', '2025-10-06', 2, 0, 0, 4860000, 0, 4860000, '결제완료', '신용카드', '2025-09-02T09:30:07', '2025-09-02T09:30:07', 82),
(7, '이동욱', 1008, '독일 베를린 4박 5일 자유여행', '2025-10-15', '2025-10-20', 1, 2, 0, 4697500, 0, 4697500, '결제완료', '현금', '2025-09-01T13:25:07', '2025-09-01T13:25:07', 82),
(8, '강민지', 1011, '영국 런던 5박 6일 자유여행', '2025-11-01', '2025-11-07', 2, 1, 0, 5537500, 0, 5537500, '결제완료', '신용카드', '2025-08-31T15:40:07', '2025-08-31T15:40:07', 82),
(9, '오세훈', 1012, '스페인 바르셀로나 4박 5일 자유여행', '2025-12-05', '2025-12-10', 4, 0, 1, 8907500, 0, 8907500, '결제완료', '계좌이체', '2025-09-02T11:50:07', '2025-09-02T11:50:07', 82),
(10, '한소영', 2101, '캐나다 밴쿠버 4박 5일 패키지여행', '2025-08-05', '2025-08-10', 1, 1, 1, 6615000, 0, 6615000, '결제완료', '현금', '2025-09-01T10:15:07', '2025-09-01T10:15:07', 82),
(11, '조현우', 2102, '멕시코 칸쿤 5박 6일 패키지여행', '2025-08-12', '2025-08-17', 2, 2, 0, 9450000, 472500, 8977500, '결제완료', '계좌이체', '2025-08-30T14:30:07', '2025-08-30T14:30:07', 82),
(12, '신동혁', 2103, '호주 멜버른 4박 5일 패키지여행', '2025-09-01', '2025-09-06', 1, 0, 0, 3240000, 0, 3240000, '결제완료', '신용카드', '2025-09-02T16:20:07', '2025-09-02T16:20:07', 82),
(13, '류지훈', 2104, '뉴질랜드 오클랜드 5박 6일 패키지여행', '2025-09-10', '2025-09-15', 2, 1, 0, 8467500, 0, 8467500, '결제완료', '현금', '2025-08-29T12:45:07', '2025-08-29T12:45:07', 82),
(14, '송미경', 2105, '싱가포르 3박 4일 패키지여행', '2025-09-20', '2025-09-24', 3, 0, 1, 8640000, 432000, 8208000, '결제완료', '계좌이체', '2025-09-01T18:10:07', '2025-09-01T18:10:07', 82),
(15, '김태영', 2106, '말레이시아 쿠알라룸푸르 4박 5일 패키지여행', '2025-10-01', '2025-10-06', 1, 1, 1, 6037500, 0, 6037500, '결제완료', '신용카드', '2025-08-31T09:25:07', '2025-08-31T09:25:07', 82),
(16, '안준석', 2107, '남아공 케이프타운 5박 6일 패키지여행', '2025-10-15', '2025-10-20', 2, 0, 0, 5670000, 0, 5670000, '결제완료', '현금', '2025-09-02T13:15:07', '2025-09-02T13:15:07', 82),
(17, '백지은', 2108, '터키 이스탄불 4박 5일 패키지여행', '2025-11-01', '2025-11-06', 1, 2, 0, 5917500, 0, 5917500, '결제완료', '계좌이체', '2025-08-30T11:40:07', '2025-08-30T11:40:07', 82),
(18, '황수아', 2109, '러시아 모스크바 4박 5일 패키지여행', '2025-12-05', '2025-12-10', 4, 1, 0, 12412500, 0, 12412500, '결제완료', '신용카드', '2025-09-01T15:55:07', '2025-09-01T15:55:07', 82),
(19, '최은정', 1001, '프랑스 파리 4박 5일 자유여행', '2025-08-05', '2025-08-15', 1, 0, 1, 3262500, 0, 3262500, '결제완료', '현금', '2025-08-28T17:30:07', '2025-08-28T17:30:07', 82),
(20, '이하늘', 1002, '일본 도쿄 3박 4일 자유여행', '2025-08-04', '2025-08-07', 2, 1, 0, 2185000, 0, 2185000, '결제완료', '계좌이체', '2025-09-02T08:45:07', '2025-09-02T08:45:07', 82),
(21, '박수빈', 1003, '미국 뉴욕 5박 6일 자유여행', '2025-09-01', '2025-09-07', 1, 1, 0, 4860000, 243000, 4617000, '결제완료', '계좌이체', '2025-08-31T12:20:07', '2025-08-31T12:20:07', 82),
(22, '윤서진', 1005, '이탈리아 로마 4박 5일 자유여행', '2025-09-10', '2025-09-15', 3, 0, 1, 7175000, 0, 7175000, '결제완료', '신용카드', '2025-09-01T14:10:07', '2025-09-01T14:10:07', 82),
(23, '정하린', 1006, '일본 오사카 3박 4일 자유여행', '2025-09-20', '2025-09-25', 2, 2, 0, 2945000, 0, 2945000, '결제완료', '현금', '2025-08-30T16:35:07', '2025-08-30T16:35:07', 82),
(24, '김보라', 1007, '미국 로스앤젤레스 4박 5일 자유여행', '2025-10-01', '2025-10-06', 1, 0, 0, 2430000, 0, 2430000, '결제완료', '계좌이체', '2025-09-02T10:50:07', '2025-09-02T10:50:07', 82),
(25, '허예은', 1008, '독일 베를린 4박 5일 자유여행', '2025-10-15', '2025-10-20', 2, 1, 1, 5697500, 0, 5697500, '결제완료', '신용카드', '2025-08-29T13:25:07', '2025-08-29T13:25:07', 82),
(26, '신혜영', 1011, '영국 런던 5박 6일 자유여행', '2025-11-01', '2025-11-07', 1, 1, 0, 4205000, 0, 4205000, '결제완료', '현금', '2025-09-01T11:15:07', '2025-09-01T11:15:07', 82),
(27, '임서연', 1012, '스페인 바르셀로나 4박 5일 자유여행', '2025-12-05', '2025-12-10', 2, 0, 1, 4815000, 0, 4815000, '결제완료', '계좌이체', '2025-08-31T15:40:07', '2025-08-31T15:40:07', 82),
(28, '권민아', 2101, '캐나다 밴쿠버 4박 5일 패키지여행', '2025-08-05', '2025-08-10', 3, 1, 0, 12285000, 614250, 11670750, '결제완료', '계좌이체', '2025-09-02T09:20:07', '2025-09-02T09:20:07', 82),
(29, '장민석', 2102, '멕시코 칸쿤 5박 6일 패키지여행', '2025-08-12', '2025-08-17', 1, 0, 1, 4185000, 0, 4185000, '결제완료', '신용카드', '2025-08-30T14:55:07', '2025-08-30T14:55:07', 82),
(30, '문지혜', 2103, '호주 멜버른 4박 5일 패키지여행', '2025-09-01', '2025-09-06', 2, 1, 0, 8910000, 0, 8910000, '결제완료', '현금', '2025-09-01T16:30:07', '2025-09-01T16:30:07', 82),
(31, '홍준영', 2104, '뉴질랜드 오클랜드 5박 6일 패키지여행', '2025-09-10', '2025-09-15', 1, 2, 1, 8467500, 0, 8467500, '결제완료', '계좌이체', '2025-08-29T12:10:07', '2025-08-29T12:10:07', 82),
(32, '서미래', 2105, '싱가포르 3박 4일 패키지여행', '2025-09-20', '2025-09-24', 2, 0, 0, 4860000, 243000, 4617000, '결제완료', '계좌이체', '2025-09-02T11:45:07', '2025-09-02T11:45:07', 82),
(33, '노태현', 2106, '말레이시아 쿠알라룸푸르 4박 5일 패키지여행', '2025-10-01', '2025-10-06', 4, 0, 1, 10282500, 0, 10282500, '결제완료', '신용카드', '2025-08-31T17:20:07', '2025-08-31T17:20:07', 82),
(34, '양수정', 2107, '남아공 케이프타운 5박 6일 패키지여행', '2025-10-15', '2025-10-20', 1, 1, 0, 5022500, 0, 5022500, '결제완료', '현금', '2025-09-01T13:35:07', '2025-09-01T13:35:07', 82),
(35, '진우성', 2108, '터키 이스탄불 4박 5일 패키지여행', '2025-11-01', '2025-11-06', 2, 2, 0, 8265000, 0, 8265000, '결제완료', '계좌이체', '2025-08-30T15:15:07', '2025-08-30T15:15:07', 82),
(36, '남지원', 2109, '러시아 모스크바 4박 5일 패키지여행', '2025-12-05', '2025-12-10', 1, 0, 1, 4050000, 0, 4050000, '결제완료', '신용카드', '2025-09-02T14:25:07', '2025-09-02T14:25:07', 82),
(37, '유민준', 1001, '프랑스 파리 4박 5일 자유여행', '2025-08-05', '2025-08-15', 3, 1, 0, 6537500, 0, 6537500, '결제완료', '현금', '2025-08-29T16:50:07', '2025-08-29T16:50:07', 82),
(38, '강수현', 1002, '일본 도쿄 3박 4일 자유여행', '2025-08-04', '2025-08-07', 1, 1, 1, 1617500, 0, 1617500, '결제완료', '계좌이체', '2025-09-01T10:40:07', '2025-09-01T10:40:07', 82),
(39, '배정민', 1003, '미국 뉴욕 5박 6일 자유여행', '2025-09-01', '2025-09-07', 2, 0, 1, 6750000, 337500, 6412500, '결제완료', '계좌이체', '2025-08-31T18:15:07', '2025-08-31T18:15:07', 82),
(40, '심유나', 1005, '이탈리아 로마 4박 5일 자유여행', '2025-09-10', '2025-09-15', 1, 2, 0, 5075000, 0, 5075000, '결제완료', '신용카드', '2025-09-02T12:30:07', '2025-09-02T12:30:07', 82),
(51, '조민수', 1006, '일본 오사카 3박 4일 자유여행', '2025-09-20', '2025-09-25', 2, 1, 1, 3562500, 0, 3562500, '결제완료', '현금', '2025-08-30T09:55:07', '2025-08-30T09:55:07', 82),
(52, '원혜진', 1007, '미국 로스앤젤레스 4박 5일 자유여행', '2025-10-01', '2025-10-06', 4, 0, 0, 9720000, 486000, 9234000, '결제완료', '계좌이체', '2025-09-01T14:45:07', '2025-09-01T14:45:07', 82),
(53, '임채현', 1008, '독일 베를린 4박 5일 자유여행', '2025-10-15', '2025-10-20', 1, 1, 0, 3770000, 0, 3770000, '결제완료', '신용카드', '2025-08-29T11:20:07', '2025-08-29T11:20:07', 82),
(54, '고은별', 1011, '영국 런던 5박 6일 자유여행', '2025-11-01', '2025-11-07', 3, 2, 0, 11642500, 0, 11642500, '결제완료', '현금', '2025-09-02T15:35:07', '2025-09-02T15:35:07', 82),
(55, '마준호', 1012, '스페인 바르셀로나 4박 5일 자유여행', '2025-12-05', '2025-12-10', 1, 0, 0, 1957500, 0, 1957500, '결제완료', '계좌이체', '2025-08-31T13:10:07', '2025-08-31T13:10:07', 82),
(56, '소지현', 2101, '캐나다 밴쿠버 4박 5일 패키지여행', '2025-08-05', '2025-08-10', 2, 1, 1, 10935000, 546750, 10388250, '결제완료', '계좌이체', '2025-09-01T17:25:07', '2025-09-01T17:25:07', 82),
(57, '표성훈', 2102, '멕시코 칸쿤 5박 6일 패키지여행', '2025-08-12', '2025-08-17', 1, 1, 0, 4725000, 0, 4725000, '결제완료', '신용카드', '2025-08-30T10:40:07', '2025-08-30T10:40:07', 82),
(58, '곽민정', 2103, '호주 멜버른 4박 5일 패키지여행', '2025-09-01', '2025-09-06', 3, 0, 1, 11475000, 0, 11475000, '결제완료', '현금', '2025-09-02T16:15:07', '2025-09-02T16:15:07', 82),
(59, '추지훈', 2104, '뉴질랜드 오클랜드 5박 6일 패키지여행', '2025-09-10', '2025-09-15', 1, 0, 0, 3105000, 0, 3105000, '결제완료', '계좌이체', '2025-08-29T14:50:07',  '2025-08-29T14:50:07', 82),
(60, '변수아', 2105, '싱가포르 3박 4일 패키지여행', '2025-09-20', '2025-09-24', 2, 2, 1, 8640000, 432000, 8208000, '결제완료', '계좌이체', '2025-09-01T12:05:07', '2025-09-01T12:05:07', 82);

INSERT INTO claim(
claim_type, customer_no, customer_name,
			product_no, product_name, score, comment, 
			claim_date, claim_status, checked_date, user_no
)VALUES 
('단순문의', 1, '김민수', 1001, '프랑스 파리 4박 5일 자유여행', NULL, '여행 일정에 대해 자세히 알고 싶습니다.', '2025-08-01 10:30:00', '답변대기', NULL, 72),
('단순문의', 3, '박철민', 1002, '일본 도쿄 3박 4일 자유여행', NULL, '숙소 위치가 어디인가요?', '2025-08-02 14:20:00', '답변대기', NULL, 72),
('단순문의', 5, '정태호', 1005, '이탈리아 로마 4박 5일 자유여행', NULL, '현지 교통편은 어떻게 되나요?', '2025-08-03 09:15:00', '답변대기', NULL, 72),
('단순문의', 7, '윤동하', 1006, '일본 오사카 3박 4일 자유여행', NULL, '식사는 포함되어 있나요?', '2025-08-04 16:45:00', '답변대기', NULL, 72),
('단순문의', 9, '조현우', 1008, '독일 베를린 4박 5일 자유여행', NULL, '비자가 필요한지 문의드립니다.', '2025-08-05 11:30:00', '답변대기', NULL, 72),
('단순문의', 11, '임승호', 1011, '영국 런던 5박 6일 자유여행', NULL, '날씨 정보를 알고 싶어요.', '2025-08-06 13:20:00', '답변대기', NULL, 72),
('단순문의', 13, '오준석', 1012, '스페인 바르셀로나 4박 5일 자유여행', NULL, '가이드 동행 여부가 궁금합니다.', '2025-08-07 15:10:00', '답변대기', NULL, 72),
('단순문의', 15, '홍지훈', 2107, '남아공 케이프타운 5박 6일 패키지여행', NULL, '패키지에 포함된 내용을 알려주세요.', '2025-08-08 10:45:00', '답변대기', NULL, 72),
('단순문의', 16, '김서연', 2108, '터키 이스탄불 4박 5일 패키지여행', NULL, '예약 취소 정책이 어떻게 되나요?', '2025-08-09 12:35:00', '답변대기', NULL, 72),
('단순문의', 18, '박지원', 2109, '러시아 모스크바 4박 5일 패키지여행', NULL, '항공편 시간을 변경할 수 있나요?', '2025-08-10 14:25:00', '답변대기', NULL, 72),
('단순문의', 20, '정수빈', 1001, '프랑스 파리 4박 5일 자유여행', NULL, '혼자 여행하기에 안전한가요?', '2025-08-11 09:50:00', '답변대기', NULL, 72),
('단순문의', 22, '한재민', 1002, '일본 도쿄 3박 4일 자유여행', NULL, '쇼핑 장소 추천 부탁드립니다.', '2025-08-12 16:20:00', '답변대기', NULL, 72),
('단순문의', 24, '윤채영', 1005, '이탈리아 로마 4박 5일 자유여행', NULL, '현지 통화는 어떻게 준비하나요?', '2025-08-13 11:15:00', '답변대기', NULL, 72),
('단순문의', 26, '송준혁', 1006, '일본 오사카 3박 4일 자유여행', NULL, '입국 시 필요한 서류가 있나요?', '2025-08-14 13:40:00', '답변대기', NULL, 72),
('단순문의', 28, '조예린', 1008, '독일 베를린 4박 5일 자유여행', NULL, '여행자 보험은 어떻게 가입하나요?', '2025-08-15 15:30:00', '답변대기', NULL, 72),
('단순문의', 30, '강도현', 1011, '영국 런던 5박 6일 자유여행', NULL, '짐 제한이 있나요?', '2025-08-16 10:25:00', '답변대기', NULL, 72),
('단순문의', 32, '임유진', 1012, '스페인 바르셀로나 4박 5일 자유여행', NULL, '현지 언어를 못해도 괜찮을까요?', '2025-08-17 14:15:00', '답변대기', NULL, 72),
('단순문의', 34, '배현수', 2107, '남아공 케이프타운 5박 6일 패키지여행', NULL, '백신 접종이 필요한가요?', '2025-08-18 12:05:00', '답변대기', NULL, 72),
('단순문의', 36, '오나영', 2108, '터키 이스탄불 4박 5일 패키지여행', NULL, '옵션 투어는 어떤 것들이 있나요?', '2025-08-19 16:50:00', '답변대기', NULL, 72),
('단순문의', 38, '신우진', 2109, '러시아 모스크바 4박 5일 패키지여행', NULL, '단체 할인이 가능한가요?', '2025-08-20 11:30:00', '답변대기', NULL, 72),
('단순문의', 40, '홍수아', 1001, '프랑스 파리 4박 5일 자유여행', NULL, '여행 중 응급상황 대처법을 알고 싶어요.', '2025-08-21 13:25:00', '답변대기', NULL, 72),
('단순문의', 41, '김태윤', 1002, '일본 도쿄 3박 4일 자유여행', NULL, '아이와 함께 여행 시 주의사항이 있나요?', '2025-08-22 15:15:00', '답변대기', NULL, 72),
('단순문의', 43, '이서하', 1005, '이탈리아 로마 4박 5일 자유여행', NULL, '현지 심카드는 어디서 구매하나요?', '2025-08-23 09:40:00', '답변대기', NULL, 72),
('단순문의', 45, '박건우', 1006, '일본 오사카 3박 4일 자유여행', NULL, '렌터카 이용이 가능한가요?', '2025-08-24 14:30:00', '답변대기', NULL, 72),
('단순문의', 47, '최예은', 1008, '독일 베를린 4박 5일 자유여행', NULL, '현지 맛집 정보를 알려주세요.', '2025-08-25 12:10:00', '답변대기', NULL, 72),
-- 평점 (25개)
('평점', 2, '이지은', 1001, '프랑스 파리 4박 5일 자유여행', 5, '정말 만족스러운 여행이었습니다. 모든 것이 완벽했어요!', '2025-08-01 18:30:00', '답변대기', NULL, 72),
('평점', 4, '최유나', 1002, '일본 도쿄 3박 4일 자유여행', 4, '전체적으로 좋았지만 숙소 위치가 아쉬웠어요.', '2025-08-02 19:45:00', '답변대기', NULL, 72),
('평점', 6, '한소영', 1005, '이탈리아 로마 4박 5일 자유여행', 5, '로마의 역사를 충분히 느낄 수 있는 여행이었습니다.', '2025-08-03 20:15:00', '답변대기', NULL, 72),
('평점', 8, '송미래', 1006, '일본 오사카 3박 4일 자유여행', 3, '음식은 좋았지만 가이드 서비스가 부족했어요.', '2025-08-04 17:20:00', '답변대기', NULL, 72),
('평점', 10, '강은지', 1008, '독일 베를린 4박 5일 자유여행', 4, '역사적인 장소들을 잘 볼 수 있어서 만족합니다.', '2025-08-05 21:10:00', '답변대기', NULL, 72),
('평점', 12, '배수진', 1011, '영국 런던 5박 6일 자유여행', 5, '런던의 매력을 충분히 느꼈습니다. 추천해요!', '2025-08-06 18:50:00', '답변대기', NULL, 72),
('평점', 14, '신혜린', 1012, '스페인 바르셀로나 4박 5일 자유여행', 4, '가우디 건축물들이 인상적이었어요.', '2025-08-07 19:30:00', '답변대기', NULL, 72),
('평점', 17, '이동준', 2107, '남아공 케이프타운 5박 6일 패키지여행', 5, '아프리카의 자연경관이 너무 아름다웠습니다.', '2025-08-08 20:40:00', '답변대기', NULL, 72),
('평점', 19, '최민호', 2108, '터키 이스탄불 4박 5일 패키지여행', 3, '문화체험은 좋았지만 일정이 너무 빡빡했어요.', '2025-08-09 17:15:00', '답변대기', NULL, 72),
('평점', 21, '한재민', 2109, '러시아 모스크바 4박 5일 패키지여행', 4, '러시아 문화를 깊이 체험할 수 있었습니다.', '2025-08-10 18:25:00', '답변대기', NULL, 72),
('평점', 23, '윤채영', 1001, '프랑스 파리 4박 5일 자유여행', 5, '파리의 로맨틱한 분위기를 만끽했어요.', '2025-08-11 19:35:00', '답변대기', NULL, 72),
('평점', 25, '송준혁', 1002, '일본 도쿄 3박 4일 자유여행', 4, '도쿄의 현대적인 모습이 인상적이었습니다.', '2025-08-12 20:20:00', '답변대기', NULL, 72),
('평점', 27, '조예린', 1005, '이탈리아 로마 4박 5일 자유여행', 3, '관광지는 좋았지만 대기시간이 길었어요.', '2025-08-13 17:40:00', '답변대기', NULL, 72),
('평점', 29, '강도현', 1006, '일본 오사카 3박 4일 자유여행', 5, '오사카성과 음식이 최고였습니다!', '2025-08-14 18:55:00', '답변대기', NULL, 72),
('평점', 31, '임유진', 1008, '독일 베를린 4박 5일 자유여행', 4, '베를린 장벽의 역사를 배울 수 있어 의미있었어요.', '2025-08-15 19:10:00', '답변대기', NULL, 72),
('평점', 33, '배현수', 1011, '영국 런던 5박 6일 자유여행', 5, '영국 왕실문화를 체험할 수 있어 좋았습니다.', '2025-08-16 20:05:00', '답변대기', NULL, 72),
('평점', 35, '오나영', 1012, '스페인 바르셀로나 4박 5일 자유여행', 4, '플라멩고 공연이 인상깊었어요.', '2025-08-17 17:50:00', '답변대기', NULL, 72),
('평점', 37, '신우진', 2107, '남아공 케이프타운 5박 6일 패키지여행', 3, '자연경관은 좋았지만 치안이 걱정되었어요.', '2025-08-18 18:30:00', '답변대기', NULL, 72),
('평점', 39, '홍수아', 2108, '터키 이스탄불 4박 5일 패키지여행', 5, '동서양이 만나는 매력적인 도시였어요.', '2025-08-19 19:45:00', '답변대기', NULL, 72),
('평점', 42, '이서하', 2109, '러시아 모스크바 4박 5일 패키지여행', 4, '크렘린궁과 붉은광장이 웅장했습니다.', '2025-08-20 20:15:00', '답변대기', NULL, 72),
('평점', 44, '박건우', 1001, '프랑스 파리 4박 5일 자유여행', 5, '에펠탑 야경이 잊을 수 없을 만큼 아름다웠어요.', '2025-08-21 17:25:00', '답변대기', NULL, 72),
('평점', 46, '최예은', 1002, '일본 도쿄 3박 4일 자유여행', 3, '쇼핑은 좋았지만 언어소통이 어려웠어요.', '2025-08-22 18:40:00', '답변대기', NULL, 72),
('평점', 48, '정민규', 1005, '이탈리아 로마 4박 5일 자유여행', 4, '콜로세움과 바티칸이 정말 감동적이었습니다.', '2025-08-23 19:20:00', '답변대기', NULL, 72),
('평점', 49, '한예지', 1006, '일본 오사카 3박 4일 자유여행', 5, '타코야키와 오코노미야키가 최고였어요!', '2025-08-24 20:30:00', '답변대기', NULL, 72),
('평점', 50, '윤성민', 1008, '독일 베를린 4박 5일 자유여행', 4, '맥주투어가 특히 인상깊었습니다.', '2025-08-25 18:15:00', '답변대기', NULL, 72);



select * from booking WHERE product_no = 1002;

SELECT 
    *
FROM 
    booking b
WHERE 
    b.product_no = 1001;

SELECT 
    p.*, 
    COALESCE(SUM(b.adult_count + b.child_count + b.infant_count), 0) AS total_people
FROM 
    product p
LEFT JOIN 
    booking b ON p.product_no = b.product_no
GROUP BY 
    p.product_no;

SELECT 
    p.product_no,
    p.product_name,
    p.status,
    p.currency,
    p.price_adult,
    p.price_child,
    p.price_infant,
    p.start_date,
    p.end_date,
    (p.max_people - COALESCE(SUM(b.adult_count + b.child_count + b.infant_count), 0)) AS total_people
FROM 
    product p
LEFT JOIN 
    booking b ON p.product_no = b.product_no
GROUP BY 
    p.product_no,
    p.product_name,
    p.status,
    p.currency,
    p.price_adult,
    p.price_child,
    p.price_infant,
    p.start_date,
    p.end_date,
    p.max_people;

		SELECT DISTINCT
		p.PRODUCT_NO as productNo,
		p.PRODUCT_NAME as productName
		FROM product p
		INNER JOIN BOOKING b ON p.PRODUCT_NO = b.PRODUCT_NO
		WHERE b.CUSTOMER_NO = 1
		AND b.BOOKING_STATUS = '결제완료'
		ORDER BY p.PRODUCT_NAME;
        
        
        
        ('김민수', '010-1234-5678', 'minsu.kim@email.com', '서울시 강남구 역삼동 123-45', '1985-03-15', '남성', '대한민국', 'M12345678', '신규', 0, 82),
('이영희', '010-2345-6789', 'younghee.lee@email.com', '부산시 해운대구 우동 567-89', '1990-07-22', '여성', '대한민국', 'M23456789', '신규', 0, 82),
('박철수', '010-3456-7890', 'cheolsu.park@email.com', '인천시 남동구 구월동 234-56', '1982-11-08', '남성', '대한민국', 'M34567890', '신규', 0, 82),
('최수진', '010-4567-8901', 'sujin.choi@email.com', '대구시 중구 동성로 345-67', '1995-01-30', '여성', '대한민국', 'M45678901', '신규', 0, 82),
('정민호', '010-5678-9012', 'minho.jung@email.com', '광주시 서구 치평동 456-78', '1988-09-12', '남성', '대한민국', 'M56789012', '신규', 0, 82),
('김지영', '010-7890-1234', 'jiyoung.kim@email.com', '서울시 서초구 반포동 678-90', '1992-12-25', '여성', '대한민국', 'M67890123', '신규', 0, 82),
('이동욱', '010-8901-2345', 'dongwook.lee@email.com', '수원시 영통구 매탄동 789-01', '1980-06-03', '남성', '대한민국', 'M78901234', '신규', 0, 82),
('강민지', '010-0123-4567', 'minji.kang@email.com', '대전시 유성구 봉명동 901-23', '1993-08-07', '여성', '대한민국', 'M89012345', '신규', 0, 82),
('오세훈', '010-1357-2468', 'sehoon.oh@email.com', '울산시 남구 삼산동 012-34', '1984-02-28', '남성', '대한민국', 'M90123456', '신규', 0, 82),
('한소영', '010-3579-2468', 'soyoung.han@email.com', '창원시 의창구 팔용동 234-56', '1991-03-20', '여성', '대한민국', 'M01234567', '신규', 0, 82),
('조현우', '010-5791-4680', 'hyunwoo.jo@email.com', '천안시 동남구 신부동 456-78', '1989-07-05', '남성', '대한민국', 'M12345679', '신규', 0, 82),
('신동혁', '010-7913-6802', 'donghyuk.shin@email.com', '포항시 북구 두호동 678-90', '1994-11-30', '남성', '대한민국', 'M23456780', '신규', 0, 82),
('류지훈', '010-9135-8024', 'jihoon.ryu@email.com', '제주시 일도일동 890-12', '1981-05-09', '남성', '대한민국', 'M34567801', '신규', 0, 82),
('송미경', '010-1357-0246', 'mikyung.song@email.com', '안산시 단원구 고잔동 012-34', '1992-06-28', '여성', '대한민국', 'M45678912', '신규', 0, 82),
('김태영', '010-3579-2468', 'taeyoung.kim@email.com', '청주시 서원구 사직동 234-56', '1987-04-17', '남성', '대한민국', 'M56789023', 'SILVER', 2500000, 82),
('안준석', '010-5791-4680', 'junseok.ahn@email.com', '전주시 완산구 효자동 456-78', '1983-01-25', '남성', '대한민국', 'M67890134', 'SILVER', 3200000, 82),
('백지은', '010-7913-6802', 'jieun.baek@email.com', '구미시 인동동 678-90', '1990-03-14', '여성', '대한민국', 'M78901245', 'SILVER', 4100000, 82),
('황수아', '010-9135-8024', 'sua.hwang@email.com', '순천시 조례동 890-12', '1995-08-06', '여성', '대한민국', 'M89012356', 'SILVER', 2800000, 82),
('최은정', '010-1234-5679', 'eunjung.choi@email.com', '고양시 일산서구 주엽동 012-34', '1986-12-19', '여성', '대한민국', 'M90123467', 'SILVER', 3600000, 82),
('이하늘', '010-3456-7891', 'haneul.lee@email.com', '의정부시 의정부동 234-56', '1988-09-21', '여성', '대한민국', 'M01234578', 'SILVER', 2900000, 82),
('박수빈', '010-5678-9013', 'subin.park@email.com', '원주시 단계동 456-78', '1994-04-02', '여성', '대한민국', 'M12345689', 'SILVER', 4500000, 82),
('윤서진', '010-7890-1235', 'seojin.yoon@email.com', '춘천시 조운동 678-90', '1991-01-15', '여성', '대한민국', 'M23456790', 'SILVER', 3800000, 82),
('정하린', '010-9012-3457', 'harin.jung@email.com', '부천시 원미구 중동 890-12', '1989-12-23', '여성', '대한민국', 'M34567801', 'SILVER', 5200000, 82),
('김보라', '010-1357-2469', 'bora.kim@email.com', '군산시 나운동 012-34', '1992-11-18', '여성', '대한민국', 'M45678902', 'SILVER', 2600000, 82),
('허예은', '010-3579-2469', 'yeeun.heo@email.com', '목포시 용해동 234-56', '1990-05-11', '여성', '대한민국', 'M56789013', 'SILVER', 4800000, 82),
('신혜영', '010-5791-4681', 'hyeyoung.shin@email.com', '여수시 문수동 456-78', '1993-09-05', '여성', '대한민국', 'M67890124', 'SILVER', 3900000, 82),
('임서연', '010-7913-6803', 'seoyeon.lim@email.com', '강릉시 교동 678-90', '1988-06-30', '여성', '대한민국', 'M78901235', 'SILVER', 2300000, 82),
('권민아', '010-9135-8025', 'mina.kwon@email.com', '속초시 교동 890-12', '1991-08-14', '여성', '대한민국', 'M89012346', 'SILVER', 5800000, 82),
('장민석', '010-1122-3344', 'minseok.jang@email.com', '서울시 종로구 인사동 123-45', '1987-04-12', '남성', '대한민국', 'M90123478', 'SILVER', 3400000, 82),
('문지혜', '010-2233-4455', 'jihye.moon@email.com', '대전시 서구 둔산동 234-56', '1992-08-25', '여성', '대한민국', 'M01234589', 'SILVER', 4200000, 82),
('홍준영', '010-3344-5566', 'junyoung.hong@email.com', '광주시 북구 두암동 345-67', '1985-11-03', '남성', '대한민국', 'M12345690', 'GOLD', 7200000, 82),
('서미래', '010-4455-6677', 'mirae.seo@email.com', '부산시 부산진구 부전동 456-78', '1990-02-17', '여성', '대한민국', 'M23456701', 'GOLD', 8500000, 82),
('노태현', '010-5566-7788', 'taehyun.no@email.com', '인천시 연수구 송도동 567-89', '1983-07-29', '남성', '대한민국', 'M34567812', 'GOLD', 7800000, 82),
('양수정', '010-6677-8899', 'sujeong.yang@email.com', '대구시 수성구 범어동 678-90', '1988-12-05', '여성', '대한민국', 'M45678923', 'GOLD', 9200000, 82),
('진우성', '010-7788-9900', 'woosung.jin@email.com', '울산시 중구 성남동 789-01', '1991-05-21', '남성', '대한민국', 'M56789034', 'GOLD', 7600000, 82),
('남지원', '010-8899-0011', 'jiwon.nam@email.com', '수원시 팔달구 인계동 890-12', '1986-09-14', '여성', '대한민국', 'M67890145', 'GOLD', 8900000, 82),
('유민준', '010-9900-1122', 'minjun.yoo@email.com', '성남시 분당구 정자동 901-23', '1994-01-08', '남성', '대한민국', 'M78901256', 'GOLD', 8100000, 82),
('강수현', '010-0011-2233', 'suhyun.kang@email.com', '안양시 동안구 평촌동 012-34', '1989-06-26', '여성', '대한민국', 'M89012367', 'GOLD', 7400000, 82),
('배정민', '010-1122-3345', 'jeongmin.bae@email.com', '전주시 덕진구 덕진동 123-45', '1987-10-11', '남성', '대한민국', 'M90123478', 'GOLD', 8700000, 82),
('심유나', '010-2233-4456', 'yuna.sim@email.com', '청주시 흥덕구 복대동 234-56', '1992-03-28', '여성', '대한민국', 'M01234589', 'GOLD', 7900000, 82),
('조민수', '010-3344-5567', 'minsu.jo@email.com', '천안시 서북구 성정동 345-67', '1985-08-15', '남성', '대한민국', 'M12345690', 'GOLD', 8300000, 82),
('원혜진', '010-4455-6678', 'hyejin.won@email.com', '포항시 남구 대잠동 456-78', '1990-12-22', '여성', '대한민국', 'M23456701', 'GOLD', 7700000, 82),
('임채현', '010-5566-7789', 'chaehyun.lim@email.com', '창원시 성산구 상남동 567-89', '1988-04-07', '남성', '대한민국', 'M34567812', 'VIP', 12500000, 82),
('고은별', '010-6677-8890', 'eunbyul.ko@email.com', '구미시 원평동 678-90', '1991-09-19', '여성', '대한민국', 'M45678923', 'VIP', 15200000, 82),
('마준호', '010-7788-9901', 'junho.ma@email.com', '제주시 아라동 789-01', '1984-01-31', '남성', '대한민국', 'M56789034', 'VIP', 11800000, 82),
('소지현', '010-8899-0012', 'jihyun.so@email.com', '순천시 연향동 890-12', '1987-06-16', '여성', '대한민국', 'M67890145', 'VIP', 13900000, 82),
('표성훈', '010-9900-1123', 'sunghoon.pyo@email.com', '목포시 하당동 901-23', '1993-11-02', '남성', '대한민국', 'M78901256', 'VIP', 10500000, 82),
('곽민정', '010-0011-2234', 'minjeong.kwak@email.com', '여수시 선원동 012-34', '1986-02-24', '여성', '대한민국', 'M89012367', 'VIP', 14700000, 82),
('추지훈', '010-1122-3346', 'jihoon.chu@email.com', '군산시 수송동 123-45', '1990-07-13', '남성', '대한민국', 'M90123479', 'VIP', 16200000, 82),
('변수아', '010-2233-4457', 'sua.byun@email.com', '강릉시 포남동 234-56', '1985-12-09', '여성', '대한민국', 'M01234580', 'VIP', 11300000, 82);
